cell,init,arm,n_pos,R,cell_median_R,pooled_descriptive_median_R
libero_goal_t0_vs_t6,0,LOC,4,0.0036047925173756817,0.003962454331750033,0.0016333555509041912
libero_goal_t0_vs_t6,0,RAND,4,0.13574505849071766,1.927134909299516e-05,0.00011898447711440095
libero_goal_t0_vs_t6,0,LOC,8,0.003939672374391446,0.004592687957804173,0.004266180166097809
libero_goal_t0_vs_t6,0,RAND,8,0.004723960861319683,0.001701988165911692,0.0011299765445429199
libero_goal_t0_vs_t6,0,LOC,16,0.007168006226680572,0.011192494027312504,0.005613640435539619
libero_goal_t0_vs_t6,0,RAND,16,0.0008486451207712754,0.0004012793054655744,0.0007504291551753025
libero_goal_t0_vs_t6,0,LOC,32,0.026350903943522342,0.024355085197633658,0.010097458406011315
libero_goal_t0_vs_t6,0,RAND,32,0.00431314722594062,0.00431314722594062,0.008974087541989327
libero_goal_t0_vs_t6,0,LOC,64,0.04179494154382283,0.04179494154382283,0.018408005189508227
libero_goal_t0_vs_t6,0,RAND,64,0.02349914548569089,0.009065719551991841,0.011327657846378257
libero_goal_t0_vs_t6,0,LOC,128,0.062354383423440095,0.057051702171139064,0.043358237285080065
libero_goal_t0_vs_t6,0,RAND,128,0.04666498756529073,0.04666498756529073,0.07885590549799881
libero_goal_t0_vs_t6,0,LOC,256,0.07213076639363172,0.072776356324284,0.08185923987198931
libero_goal_t0_vs_t6,0,RAND,256,0.3420813677572522,0.26958146809061884,0.18020413913340322
libero_goal_t0_vs_t6,0,LOC,512,0.8577126065834092,0.7808561998990912,0.7732458939775065
libero_goal_t0_vs_t6,0,RAND,512,0.8577126065834092,0.7808561998990912,0.7732458939775065
libero_goal_t0_vs_t6,1,LOC,4,0.007319898771679107,0.003962454331750033,0.0016333555509041912
libero_goal_t0_vs_t6,1,RAND,4,1.927134909299516e-05,1.927134909299516e-05,0.00011898447711440095
libero_goal_t0_vs_t6,1,LOC,8,0.008454301876689184,0.004592687957804173,0.004266180166097809
libero_goal_t0_vs_t6,1,RAND,8,0.001701988165911692,0.001701988165911692,0.0011299765445429199
libero_goal_t0_vs_t6,1,LOC,16,0.011192494027312504,0.011192494027312504,0.005613640435539619
libero_goal_t0_vs_t6,1,RAND,16,0.0004012793054655744,0.0004012793054655744,0.0007504291551753025
libero_goal_t0_vs_t6,1,LOC,32,0.017015566914697366,0.024355085197633658,0.010097458406011315
libero_goal_t0_vs_t6,1,RAND,32,0.004231359296245316,0.00431314722594062,0.008974087541989327
libero_goal_t0_vs_t6,1,LOC,64,0.044907646278069355,0.04179494154382283,0.018408005189508227
libero_goal_t0_vs_t6,1,RAND,64,0.00816115774087121,0.009065719551991841,0.011327657846378257
libero_goal_t0_vs_t6,1,LOC,128,0.057051702171139064,0.057051702171139064,0.043358237285080065
libero_goal_t0_vs_t6,1,RAND,128,0.07471428665401686,0.04666498756529073,0.07885590549799881
libero_goal_t0_vs_t6,1,LOC,256,0.072776356324284,0.072776356324284,0.08185923987198931
libero_goal_t0_vs_t6,1,RAND,256,0.17314859408486652,0.26958146809061884,0.18020413913340322
libero_goal_t0_vs_t6,1,LOC,512,0.7808561998990912,0.7808561998990912,0.7732458939775065
libero_goal_t0_vs_t6,1,RAND,512,0.7808561998990912,0.7808561998990912,0.7732458939775065
libero_goal_t0_vs_t6,2,LOC,4,0.003962454331750033,0.003962454331750033,0.0016333555509041912
libero_goal_t0_vs_t6,2,RAND,4,-0.0022776088943455178,1.927134909299516e-05,0.00011898447711440095
libero_goal_t0_vs_t6,2,LOC,8,0.004592687957804173,0.004592687957804173,0.004266180166097809
libero_goal_t0_vs_t6,2,RAND,8,-2.1177222869087647e-05,0.001701988165911692,0.0011299765445429199
libero_goal_t0_vs_t6,2,LOC,16,0.014144859938566736,0.011192494027312504,0.005613640435539619
libero_goal_t0_vs_t6,2,RAND,16,0.0003401019371448048,0.0004012793054655744,0.0007504291551753025
libero_goal_t0_vs_t6,2,LOC,32,0.024355085197633658,0.024355085197633658,0.010097458406011315
libero_goal_t0_vs_t6,2,RAND,32,0.11047145996630564,0.00431314722594062,0.008974087541989327
libero_goal_t0_vs_t6,2,LOC,64,0.04016365053847384,0.04179494154382283,0.018408005189508227
libero_goal_t0_vs_t6,2,RAND,64,0.009065719551991841,0.009065719551991841,0.011327657846378257
libero_goal_t0_vs_t6,2,LOC,128,0.04529741205566952,0.057051702171139064,0.043358237285080065
libero_goal_t0_vs_t6,2,RAND,128,-0.003179531495357923,0.04666498756529073,0.07885590549799881
libero_goal_t0_vs_t6,2,LOC,256,0.09415469903727122,0.072776356324284,0.08185923987198931
libero_goal_t0_vs_t6,2,RAND,256,0.26958146809061884,0.26958146809061884,0.18020413913340322
libero_goal_t0_vs_t6,2,LOC,512,0.7656355880559219,0.7808561998990912,0.7732458939775065
libero_goal_t0_vs_t6,2,RAND,512,0.7656355880559219,0.7808561998990912,0.7732458939775065
libero_goal_t0_vs_t9,0,LOC,4,0.0008111770609234977,0.0008492580811683577,0.0016333555509041912
libero_goal_t0_vs_t9,0,RAND,4,0.005674559413550347,0.00011805618426776387,0.00011898447711440095
libero_goal_t0_vs_t9,0,LOC,8,0.005625863881040745,0.005625863881040745,0.004266180166097809
libero_goal_t0_vs_t9,0,RAND,8,0.0004665102437441405,0.0011616931006417641,0.0011299765445429199
libero_goal_t0_vs_t9,0,LOC,16,0.00552601815725251,0.00552601815725251,0.005613640435539619
libero_goal_t0_vs_t9,0,RAND,16,-0.0051575939020879775,1.2949386418540436e-05,0.0007504291551753025
libero_goal_t0_vs_t9,0,LOC,32,0.0052161587927503006,0.0052161587927503006,0.010097458406011315
libero_goal_t0_vs_t9,0,RAND,32,0.008751550304207384,0.016560086603443016,0.008974087541989327
libero_goal_t0_vs_t9,0,LOC,64,0.008318140529050045,0.008318140529050045,0.018408005189508227
libero_goal_t0_vs_t9,0,RAND,64,0.036111636397568245,0.02241355853292452,0.011327657846378257
libero_goal_t0_vs_t9,0,LOC,128,0.01716708807939032,0.035465641605295695,0.043358237285080065
libero_goal_t0_vs_t9,0,RAND,128,0.09607331578391831,0.09607331578391831,0.07885590549799881
libero_goal_t0_vs_t9,0,LOC,256,-0.05219562167130239,0.14700371066439397,0.08185923987198931
libero_goal_t0_vs_t9,0,RAND,256,0.18330234985466798,0.18330234985466798,0.18020413913340322
libero_goal_t0_vs_t9,0,LOC,512,0.5179505992126856,0.5179505992126856,0.7732458939775065
libero_goal_t0_vs_t9,0,RAND,512,0.5179505992126856,0.5179505992126856,0.7732458939775065
libero_goal_t0_vs_t9,1,LOC,4,0.0009124324720091474,0.0008492580811683577,0.0016333555509041912
libero_goal_t0_vs_t9,1,RAND,4,-4.050093041504622e-05,0.00011805618426776387,0.00011898447711440095
libero_goal_t0_vs_t9,1,LOC,8,0.002347941925965771,0.005625863881040745,0.004266180166097809
libero_goal_t0_vs_t9,1,RAND,8,0.0035635162866098752,0.0011616931006417641,0.0011299765445429199
libero_goal_t0_vs_t9,1,LOC,16,0.0021791255112390676,0.00552601815725251,0.005613640435539619
libero_goal_t0_vs_t9,1,RAND,16,1.2949386418540436e-05,1.2949386418540436e-05,0.0007504291551753025
libero_goal_t0_vs_t9,1,LOC,32,0.0016475887788137107,0.0052161587927503006,0.010097458406011315
libero_goal_t0_vs_t9,1,RAND,32,0.016560086603443016,0.016560086603443016,0.008974087541989327
libero_goal_t0_vs_t9,1,LOC,64,0.004461042686507349,0.008318140529050045,0.018408005189508227
libero_goal_t0_vs_t9,1,RAND,64,0.02241355853292452,0.02241355853292452,0.011327657846378257
libero_goal_t0_vs_t9,1,LOC,128,0.04332216248337655,0.035465641605295695,0.043358237285080065
libero_goal_t0_vs_t9,1,RAND,128,0.20529136221669145,0.09607331578391831,0.07885590549799881
libero_goal_t0_vs_t9,1,LOC,256,0.14700371066439397,0.14700371066439397,0.08185923987198931
libero_goal_t0_vs_t9,1,RAND,256,0.13795099305022973,0.18330234985466798,0.18020413913340322
libero_goal_t0_vs_t9,1,LOC,512,0.5484086637968866,0.5179505992126856,0.7732458939775065
libero_goal_t0_vs_t9,1,RAND,512,0.5484086637968866,0.5179505992126856,0.7732458939775065
libero_goal_t0_vs_t9,2,LOC,4,0.0008492580811683577,0.0008492580811683577,0.0016333555509041912
libero_goal_t0_vs_t9,2,RAND,4,0.00011805618426776387,0.00011805618426776387,0.00011898447711440095
libero_goal_t0_vs_t9,2,LOC,8,0.006041406560546784,0.005625863881040745,0.004266180166097809
libero_goal_t0_vs_t9,2,RAND,8,0.0011616931006417641,0.0011616931006417641,0.0011299765445429199
libero_goal_t0_vs_t9,2,LOC,16,0.006240414034381037,0.00552601815725251,0.005613640435539619
libero_goal_t0_vs_t9,2,RAND,16,0.004449326693343729,1.2949386418540436e-05,0.0007504291551753025
libero_goal_t0_vs_t9,2,LOC,32,0.008024559308392985,0.0052161587927503006,0.010097458406011315
libero_goal_t0_vs_t9,2,RAND,32,0.017766705272627865,0.016560086603443016,0.008974087541989327
libero_goal_t0_vs_t9,2,LOC,64,0.009587949362076414,0.008318140529050045,0.018408005189508227
libero_goal_t0_vs_t9,2,RAND,64,0.010535000868695738,0.02241355853292452,0.011327657846378257
libero_goal_t0_vs_t9,2,LOC,128,0.035465641605295695,0.035465641605295695,0.043358237285080065
libero_goal_t0_vs_t9,2,RAND,128,0.05670318370955753,0.09607331578391831,0.07885590549799881
libero_goal_t0_vs_t9,2,LOC,256,0.16697119376897096,0.14700371066439397,0.08185923987198931
libero_goal_t0_vs_t9,2,RAND,256,0.21070671056509857,0.18330234985466798,0.18020413913340322
libero_goal_t0_vs_t9,2,LOC,512,0.4081348686970202,0.5179505992126856,0.7732458939775065
libero_goal_t0_vs_t9,2,RAND,512,0.4081348686970202,0.5179505992126856,0.7732458939775065
libero_goal_t2_vs_t5,0,LOC,4,0.0051840172608118755,0.0029093470546783314,0.0016333555509041912
libero_goal_t2_vs_t5,0,RAND,4,0.20745608347058395,0.0004396192942726225,0.00011898447711440095
libero_goal_t2_vs_t5,0,LOC,8,0.021594929648103663,0.006693276746502298,0.004266180166097809
libero_goal_t2_vs_t5,0,RAND,8,0.0010177261943333188,0.0010177261943333188,0.0011299765445429199
libero_goal_t2_vs_t5,0,LOC,16,0.06204812267091461,0.01445744373028691,0.005613640435539619
libero_goal_t2_vs_t5,0,RAND,16,0.03761861915055349,0.00948478691185414,0.0007504291551753025
libero_goal_t2_vs_t5,0,LOC,32,0.06212947778660026,0.032327711957507554,0.010097458406011315
libero_goal_t2_vs_t5,0,RAND,32,0.5564701045386916,0.10334594072441439,0.008974087541989327
libero_goal_t2_vs_t5,0,LOC,64,0.20103558549466827,0.041669816123373164,0.018408005189508227
libero_goal_t2_vs_t5,0,RAND,64,0.45735978711074593,0.11568213683018255,0.011327657846378257
libero_goal_t2_vs_t5,0,LOC,128,0.20211695640311944,0.04339431208678358,0.043358237285080065
libero_goal_t2_vs_t5,0,RAND,128,0.39397798059195643,0.39397798059195643,0.07885590549799881
libero_goal_t2_vs_t5,0,LOC,256,0.21707257074496958,0.07190988465978648,0.08185923987198931
libero_goal_t2_vs_t5,0,RAND,256,0.805855603433291,0.805855603433291,0.18020413913340322
libero_goal_t2_vs_t5,0,LOC,512,1.0549515467307315,1.051945942180978,0.7732458939775065
libero_goal_t2_vs_t5,0,RAND,512,1.0549515467307315,1.051945942180978,0.7732458939775065
libero_goal_t2_vs_t5,1,LOC,4,0.0029093470546783314,0.0029093470546783314,0.0016333555509041912
libero_goal_t2_vs_t5,1,RAND,4,0.0003475855525808366,0.0004396192942726225,0.00011898447711440095
libero_goal_t2_vs_t5,1,LOC,8,0.006693276746502298,0.006693276746502298,0.004266180166097809
libero_goal_t2_vs_t5,1,RAND,8,-0.00038989528164209026,0.0010177261943333188,0.0011299765445429199
libero_goal_t2_vs_t5,1,LOC,16,0.01445744373028691,0.01445744373028691,0.005613640435539619
libero_goal_t2_vs_t5,1,RAND,16,0.00948478691185414,0.00948478691185414,0.0007504291551753025
libero_goal_t2_vs_t5,1,LOC,32,0.032327711957507554,0.032327711957507554,0.010097458406011315
libero_goal_t2_vs_t5,1,RAND,32,0.01520644283238953,0.10334594072441439,0.008974087541989327
libero_goal_t2_vs_t5,1,LOC,64,0.041669816123373164,0.041669816123373164,0.018408005189508227
libero_goal_t2_vs_t5,1,RAND,64,0.08288103121751884,0.11568213683018255,0.011327657846378257
libero_goal_t2_vs_t5,1,LOC,128,0.04339431208678358,0.04339431208678358,0.043358237285080065
libero_goal_t2_vs_t5,1,RAND,128,0.5909470501410482,0.39397798059195643,0.07885590549799881
libero_goal_t2_vs_t5,1,LOC,256,0.07190988465978648,0.07190988465978648,0.08185923987198931
libero_goal_t2_vs_t5,1,RAND,256,0.4839222021577183,0.805855603433291,0.18020413913340322
libero_goal_t2_vs_t5,1,LOC,512,0.836266792649496,1.051945942180978,0.7732458939775065
libero_goal_t2_vs_t5,1,RAND,512,0.836266792649496,1.051945942180978,0.7732458939775065
libero_goal_t2_vs_t5,2,LOC,4,-0.005564927092885505,0.0029093470546783314,0.0016333555509041912
libero_goal_t2_vs_t5,2,RAND,4,0.0004396192942726225,0.0004396192942726225,0.00011898447711440095
libero_goal_t2_vs_t5,2,LOC,8,-0.008462229108056496,0.006693276746502298,0.004266180166097809
libero_goal_t2_vs_t5,2,RAND,8,0.0030717531640666452,0.0010177261943333188,0.0011299765445429199
libero_goal_t2_vs_t5,2,LOC,16,-0.008722765818445015,0.01445744373028691,0.005613640435539619
libero_goal_t2_vs_t5,2,RAND,16,0.0006522131895793294,0.00948478691185414,0.0007504291551753025
libero_goal_t2_vs_t5,2,LOC,32,-0.0013758418566144446,0.032327711957507554,0.010097458406011315
libero_goal_t2_vs_t5,2,RAND,32,0.10334594072441439,0.10334594072441439,0.008974087541989327
libero_goal_t2_vs_t5,2,LOC,64,0.010296778610797686,0.041669816123373164,0.018408005189508227
libero_goal_t2_vs_t5,2,RAND,64,0.11568213683018255,0.11568213683018255,0.011327657846378257
libero_goal_t2_vs_t5,2,LOC,128,0.007461003246556206,0.04339431208678358,0.043358237285080065
libero_goal_t2_vs_t5,2,RAND,128,0.3668088090055212,0.39397798059195643,0.07885590549799881
libero_goal_t2_vs_t5,2,LOC,256,-0.0011414431839706339,0.07190988465978648,0.08185923987198931
libero_goal_t2_vs_t5,2,RAND,256,0.8061333304276379,0.805855603433291,0.18020413913340322
libero_goal_t2_vs_t5,2,LOC,512,1.051945942180978,1.051945942180978,0.7732458939775065
libero_goal_t2_vs_t5,2,RAND,512,1.051945942180978,1.051945942180978,0.7732458939775065
libero_goal_t3_vs_t2,0,LOC,4,0.0009044121824714249,0.0007461327153616323,0.0016333555509041912
libero_goal_t3_vs_t2,0,RAND,4,0.006582145559660623,0.0002798260485561183,0.00011898447711440095
libero_goal_t3_vs_t2,0,LOC,8,0.0038700948736961373,0.0038700948736961373,0.004266180166097809
libero_goal_t3_vs_t2,0,RAND,8,-0.0005518345980503063,-0.0005518345980503063,0.0011299765445429199
libero_goal_t3_vs_t2,0,LOC,16,0.003698836324861883,0.003698836324861883,0.005613640435539619
libero_goal_t3_vs_t2,0,RAND,16,-0.0031286847896165385,-0.0031286847896165385,0.0007504291551753025
libero_goal_t3_vs_t2,0,LOC,32,0.004334554792128267,0.004334554792128267,0.010097458406011315
libero_goal_t3_vs_t2,0,RAND,32,-0.017345281058372783,-0.004351871743625637,0.008974087541989327
libero_goal_t3_vs_t2,0,LOC,64,0.010103433908473465,0.010103433908473465,0.018408005189508227
libero_goal_t3_vs_t2,0,RAND,64,0.07097653210045805,-0.0005315887491771971,0.011327657846378257
libero_goal_t3_vs_t2,0,LOC,128,0.014136334627176296,0.014136334627176296,0.043358237285080065
libero_goal_t3_vs_t2,0,RAND,128,-0.02278943085433064,0.005105958287546828,0.07885590549799881
libero_goal_t3_vs_t2,0,LOC,256,0.08687831311550093,0.07957594874564361,0.08185923987198931
libero_goal_t3_vs_t2,0,RAND,256,0.049681211738524036,0.08067760381206163,0.18020413913340322
libero_goal_t3_vs_t2,0,LOC,512,0.7226116406854366,0.7226116406854366,0.7732458939775065
libero_goal_t3_vs_t2,0,RAND,512,0.7226116406854366,0.7226116406854366,0.7732458939775065
libero_goal_t3_vs_t2,1,LOC,4,-0.0005877681787257301,0.0007461327153616323,0.0016333555509041912
libero_goal_t3_vs_t2,1,RAND,4,4.072889548158125e-05,0.0002798260485561183,0.00011898447711440095
libero_goal_t3_vs_t2,1,LOC,8,-0.002134315946873382,0.0038700948736961373,0.004266180166097809
libero_goal_t3_vs_t2,1,RAND,8,-0.0007105056426320614,-0.0005518345980503063,0.0011299765445429199
libero_goal_t3_vs_t2,1,LOC,16,-0.0024097501800779512,0.003698836324861883,0.005613640435539619
libero_goal_t3_vs_t2,1,RAND,16,-0.00036043102618672865,-0.0031286847896165385,0.0007504291551753025
libero_goal_t3_vs_t2,1,LOC,32,-0.0039170656644961594,0.004334554792128267,0.010097458406011315
libero_goal_t3_vs_t2,1,RAND,32,-0.004351871743625637,-0.004351871743625637,0.008974087541989327
libero_goal_t3_vs_t2,1,LOC,64,-0.0029886292480163154,0.010103433908473465,0.018408005189508227
libero_goal_t3_vs_t2,1,RAND,64,-0.0005315887491771971,-0.0005315887491771971,0.011327657846378257
libero_goal_t3_vs_t2,1,LOC,128,-0.013181118584555167,0.014136334627176296,0.043358237285080065
libero_goal_t3_vs_t2,1,RAND,128,0.019008834835043637,0.005105958287546828,0.07885590549799881
libero_goal_t3_vs_t2,1,LOC,256,0.05794257493414086,0.07957594874564361,0.08185923987198931
libero_goal_t3_vs_t2,1,RAND,256,0.11698475368028698,0.08067760381206163,0.18020413913340322
libero_goal_t3_vs_t2,1,LOC,512,0.7981256974379218,0.7226116406854366,0.7732458939775065
libero_goal_t3_vs_t2,1,RAND,512,0.7981256974379218,0.7226116406854366,0.7732458939775065
libero_goal_t3_vs_t2,2,LOC,4,0.0007461327153616323,0.0007461327153616323,0.0016333555509041912
libero_goal_t3_vs_t2,2,RAND,4,0.0002798260485561183,0.0002798260485561183,0.00011898447711440095
libero_goal_t3_vs_t2,2,LOC,8,0.005427677715218931,0.0038700948736961373,0.004266180166097809
libero_goal_t3_vs_t2,2,RAND,8,0.0013986445526437716,-0.0005518345980503063,0.0011299765445429199
libero_goal_t3_vs_t2,2,LOC,16,0.005078893344375358,0.003698836324861883,0.005613640435539619
libero_goal_t3_vs_t2,2,RAND,16,-0.004293009019175604,-0.0031286847896165385,0.0007504291551753025
libero_goal_t3_vs_t2,2,LOC,32,0.011175641360653812,0.004334554792128267,0.010097458406011315
libero_goal_t3_vs_t2,2,RAND,32,0.009196624779771269,-0.004351871743625637,0.008974087541989327
libero_goal_t3_vs_t2,2,LOC,64,0.014321392136440677,0.010103433908473465,0.018408005189508227
libero_goal_t3_vs_t2,2,RAND,64,-0.0017199351969328436,-0.0005315887491771971,0.011327657846378257
libero_goal_t3_vs_t2,2,LOC,128,0.024280302853689626,0.014136334627176296,0.043358237285080065
libero_goal_t3_vs_t2,2,RAND,128,0.005105958287546828,0.005105958287546828,0.07885590549799881
libero_goal_t3_vs_t2,2,LOC,256,0.07957594874564361,0.07957594874564361,0.08185923987198931
libero_goal_t3_vs_t2,2,RAND,256,0.08067760381206163,0.08067760381206163,0.18020413913340322
libero_goal_t3_vs_t2,2,LOC,512,0.647820407659814,0.7226116406854366,0.7732458939775065
libero_goal_t3_vs_t2,2,RAND,512,0.647820407659814,0.7226116406854366,0.7732458939775065
libero_goal_t3_vs_t5,0,LOC,4,0.005026453989195665,0.005026453989195665,0.0016333555509041912
libero_goal_t3_vs_t5,0,RAND,4,0.012302167220870174,0.00011991276996103803,0.00011898447711440095
libero_goal_t3_vs_t5,0,LOC,8,0.01509590402864426,0.010772902644587934,0.004266180166097809
libero_goal_t3_vs_t5,0,RAND,8,0.0007947948070044715,0.0007947948070044715,0.0011299765445429199
libero_goal_t3_vs_t5,0,LOC,16,0.020865886139718008,0.012090457309148808,0.005613640435539619
libero_goal_t3_vs_t5,0,RAND,16,0.004399551660060289,0.0003307572155688788,0.0007504291551753025
libero_goal_t3_vs_t5,0,LOC,32,0.04090200254713515,0.020423974660664382,0.010097458406011315
libero_goal_t3_vs_t5,0,RAND,32,-0.0017921825342516822,0.0004942849204361522,0.008974087541989327
libero_goal_t3_vs_t5,0,LOC,64,0.0491277008692378,0.04744518839400754,0.018408005189508227
libero_goal_t3_vs_t5,0,RAND,64,0.017231665479660093,0.008965331007763496,0.011327657846378257
libero_goal_t3_vs_t5,0,LOC,128,0.05290208438028585,0.05281411183036201,0.043358237285080065
libero_goal_t3_vs_t5,0,RAND,128,-0.0029284647304234864,0.10777908249594617,0.07885590549799881
libero_goal_t3_vs_t5,0,LOC,256,0.084142530998335,0.12294277268578406,0.08185923987198931
libero_goal_t3_vs_t5,0,RAND,256,0.06977168302455587,0.22091941460349485,0.18020413913340322
libero_goal_t3_vs_t5,0,LOC,512,0.9520650648337657,0.9198764903312444,0.7732458939775065
libero_goal_t3_vs_t5,0,RAND,512,0.9520650648337657,0.9198764903312444,0.7732458939775065
libero_goal_t3_vs_t5,1,LOC,4,0.0026502713412525332,0.005026453989195665,0.0016333555509041912
libero_goal_t3_vs_t5,1,RAND,4,0.00011991276996103803,0.00011991276996103803,0.00011898447711440095
libero_goal_t3_vs_t5,1,LOC,8,0.0052812443546154065,0.010772902644587934,0.004266180166097809
libero_goal_t3_vs_t5,1,RAND,8,0.0005745859610307149,0.0007947948070044715,0.0011299765445429199
libero_goal_t3_vs_t5,1,LOC,16,0.008842892468287318,0.012090457309148808,0.005613640435539619
libero_goal_t3_vs_t5,1,RAND,16,0.0003307572155688788,0.0003307572155688788,0.0007504291551753025
libero_goal_t3_vs_t5,1,LOC,32,0.020423974660664382,0.020423974660664382,0.010097458406011315
libero_goal_t3_vs_t5,1,RAND,32,0.0004942849204361522,0.0004942849204361522,0.008974087541989327
libero_goal_t3_vs_t5,1,LOC,64,0.04744518839400754,0.04744518839400754,0.018408005189508227
libero_goal_t3_vs_t5,1,RAND,64,-0.000905461274586321,0.008965331007763496,0.011327657846378257
libero_goal_t3_vs_t5,1,LOC,128,0.0492989785061233,0.05281411183036201,0.043358237285080065
libero_goal_t3_vs_t5,1,RAND,128,0.26941426353591885,0.10777908249594617,0.07885590549799881
libero_goal_t3_vs_t5,1,LOC,256,0.12294277268578406,0.12294277268578406,0.08185923987198931
libero_goal_t3_vs_t5,1,RAND,256,0.3228283372088588,0.22091941460349485,0.18020413913340322
libero_goal_t3_vs_t5,1,LOC,512,0.9198764903312444,0.9198764903312444,0.7732458939775065
libero_goal_t3_vs_t5,1,RAND,512,0.9198764903312444,0.9198764903312444,0.7732458939775065
libero_goal_t3_vs_t5,2,LOC,4,0.009988968422180888,0.005026453989195665,0.0016333555509041912
libero_goal_t3_vs_t5,2,RAND,4,-0.001870698933614699,0.00011991276996103803,0.00011898447711440095
libero_goal_t3_vs_t5,2,LOC,8,0.010772902644587934,0.010772902644587934,0.004266180166097809
libero_goal_t3_vs_t5,2,RAND,8,0.003704873497364114,0.0007947948070044715,0.0011299765445429199
libero_goal_t3_vs_t5,2,LOC,16,0.012090457309148808,0.012090457309148808,0.005613640435539619
libero_goal_t3_vs_t5,2,RAND,16,-0.0015855659472419619,0.0003307572155688788,0.0007504291551753025
libero_goal_t3_vs_t5,2,LOC,32,0.017268263320614353,0.020423974660664382,0.010097458406011315
libero_goal_t3_vs_t5,2,RAND,32,0.21326542523980632,0.0004942849204361522,0.008974087541989327
libero_goal_t3_vs_t5,2,LOC,64,0.041184731540341184,0.04744518839400754,0.018408005189508227
libero_goal_t3_vs_t5,2,RAND,64,0.008965331007763496,0.008965331007763496,0.011327657846378257
libero_goal_t3_vs_t5,2,LOC,128,0.05281411183036201,0.05281411183036201,0.043358237285080065
libero_goal_t3_vs_t5,2,RAND,128,0.10777908249594617,0.10777908249594617,0.07885590549799881
libero_goal_t3_vs_t5,2,LOC,256,0.2694153641149393,0.12294277268578406,0.08185923987198931
libero_goal_t3_vs_t5,2,RAND,256,0.22091941460349485,0.22091941460349485,0.18020413913340322
libero_goal_t3_vs_t5,2,LOC,512,0.8696135984817326,0.9198764903312444,0.7732458939775065
libero_goal_t3_vs_t5,2,RAND,512,0.8696135984817326,0.9198764903312444,0.7732458939775065
libero_goal_t5_vs_t2,0,LOC,4,0.0007820208969872829,0.0007820208969872829,0.0016333555509041912
libero_goal_t5_vs_t2,0,RAND,4,0.0961552718678869,8.744389153732413e-05,0.00011898447711440095
libero_goal_t5_vs_t2,0,LOC,8,-0.0007678249840877452,-0.0007678249840877452,0.004266180166097809
libero_goal_t5_vs_t2,0,RAND,8,0.0023084480897309686,0.001561274202906427,0.0011299765445429199
libero_goal_t5_vs_t2,0,LOC,16,-0.0018249288855435653,-0.0018249288855435653,0.005613640435539619
libero_goal_t5_vs_t2,0,RAND,16,-0.005021832981074971,0.0033249833425567673,0.0007504291551753025
libero_goal_t5_vs_t2,0,LOC,32,0.009019275451368818,0.007950934697263717,0.010097458406011315
libero_goal_t5_vs_t2,0,RAND,32,-0.012695412847126442,0.0062356722106012225,0.008974087541989327
libero_goal_t5_vs_t2,0,LOC,64,0.01577459434563132,0.01577459434563132,0.018408005189508227
libero_goal_t5_vs_t2,0,RAND,64,0.011423231942729015,0.0016263588665439447,0.011327657846378257
libero_goal_t5_vs_t2,0,LOC,128,0.029407672109392314,0.029407672109392314,0.043358237285080065
libero_goal_t5_vs_t2,0,RAND,128,-0.014425779561523988,0.015973548680246082,0.07885590549799881
libero_goal_t5_vs_t2,0,LOC,256,0.007946897252306283,0.10320150494541996,0.08185923987198931
libero_goal_t5_vs_t2,0,RAND,256,0.08368207944695574,0.1331744563158861,0.18020413913340322
libero_goal_t5_vs_t2,0,LOC,512,0.7285010961325362,0.7474612909043261,0.7732458939775065
libero_goal_t5_vs_t2,0,RAND,512,0.7285010961325362,0.7474612909043261,0.7732458939775065
libero_goal_t5_vs_t2,1,LOC,4,0.001473208911674801,0.0007820208969872829,0.0016333555509041912
libero_goal_t5_vs_t2,1,RAND,4,8.744389153732413e-05,8.744389153732413e-05,0.00011898447711440095
libero_goal_t5_vs_t2,1,LOC,8,0.0026997960569081292,-0.0007678249840877452,0.004266180166097809
libero_goal_t5_vs_t2,1,RAND,8,0.00023187915969084846,0.001561274202906427,0.0011299765445429199
libero_goal_t5_vs_t2,1,LOC,16,0.002888893581774,-0.0018249288855435653,0.005613640435539619
libero_goal_t5_vs_t2,1,RAND,16,0.0033249833425567673,0.0033249833425567673,0.0007504291551753025
libero_goal_t5_vs_t2,1,LOC,32,0.007950934697263717,0.007950934697263717,0.010097458406011315
libero_goal_t5_vs_t2,1,RAND,32,0.0062356722106012225,0.0062356722106012225,0.008974087541989327
libero_goal_t5_vs_t2,1,LOC,64,0.01610337956466371,0.01577459434563132,0.018408005189508227
libero_goal_t5_vs_t2,1,RAND,64,0.0016263588665439447,0.0016263588665439447,0.011327657846378257
libero_goal_t5_vs_t2,1,LOC,128,0.05732984498458778,0.029407672109392314,0.043358237285080065
libero_goal_t5_vs_t2,1,RAND,128,0.10087565747275255,0.015973548680246082,0.07885590549799881
libero_goal_t5_vs_t2,1,LOC,256,0.10320150494541996,0.10320150494541996,0.08185923987198931
libero_goal_t5_vs_t2,1,RAND,256,0.19219155462881024,0.1331744563158861,0.18020413913340322
libero_goal_t5_vs_t2,1,LOC,512,0.7474612909043261,0.7474612909043261,0.7732458939775065
libero_goal_t5_vs_t2,1,RAND,512,0.7474612909043261,0.7474612909043261,0.7732458939775065
libero_goal_t5_vs_t2,2,LOC,4,-0.0014094740824396924,0.0007820208969872829,0.0016333555509041912
libero_goal_t5_vs_t2,2,RAND,4,-2.1800226046660033e-05,8.744389153732413e-05,0.00011898447711440095
libero_goal_t5_vs_t2,2,LOC,8,-0.004363484592023632,-0.0007678249840877452,0.004266180166097809
libero_goal_t5_vs_t2,2,RAND,8,0.001561274202906427,0.001561274202906427,0.0011299765445429199
libero_goal_t5_vs_t2,2,LOC,16,-0.0038424602933730878,-0.0018249288855435653,0.005613640435539619
libero_goal_t5_vs_t2,2,RAND,16,0.005624596209638107,0.0033249833425567673,0.0007504291551753025
libero_goal_t5_vs_t2,2,LOC,32,-0.005798839413414593,0.007950934697263717,0.010097458406011315
libero_goal_t5_vs_t2,2,RAND,32,0.02823471643883716,0.0062356722106012225,0.008974087541989327
libero_goal_t5_vs_t2,2,LOC,64,-0.003017321755341998,0.01577459434563132,0.018408005189508227
libero_goal_t5_vs_t2,2,RAND,64,-0.0024429515954364155,0.0016263588665439447,0.011327657846378257
libero_goal_t5_vs_t2,2,LOC,128,0.007297966456518129,0.029407672109392314,0.043358237285080065
libero_goal_t5_vs_t2,2,RAND,128,0.015973548680246082,0.015973548680246082,0.07885590549799881
libero_goal_t5_vs_t2,2,LOC,256,0.12711141372803259,0.10320150494541996,0.08185923987198931
libero_goal_t5_vs_t2,2,RAND,256,0.1331744563158861,0.1331744563158861,0.18020413913340322
libero_goal_t5_vs_t2,2,LOC,512,0.7529291823238936,0.7474612909043261,0.7732458939775065
libero_goal_t5_vs_t2,2,RAND,512,0.7529291823238936,0.7474612909043261,0.7732458939775065
libero_goal_t6_vs_t9,0,LOC,4,-0.0010763619221845896,0.0010061985346119585,0.0016333555509041912
libero_goal_t6_vs_t9,0,RAND,4,0.03645088467744463,4.414017790485552e-05,0.00011898447711440095
libero_goal_t6_vs_t9,0,LOC,8,-0.005024333647717724,-0.000616367732045753,0.004266180166097809
libero_goal_t6_vs_t9,0,RAND,8,0.001591366994524837,0.001356734559321184,0.0011299765445429199
libero_goal_t6_vs_t9,0,LOC,16,-0.006883150263776455,-0.005374400651943979,0.005613640435539619
libero_goal_t6_vs_t9,0,RAND,16,0.0009985776100739521,0.0009985776100739521,0.0007504291551753025
libero_goal_t6_vs_t9,0,LOC,32,-0.007463222595510471,0.01283670452573767,0.010097458406011315
libero_goal_t6_vs_t9,0,RAND,32,-0.006237421234891215,-0.006027589890888577,0.008974087541989327
libero_goal_t6_vs_t9,0,LOC,64,-0.00019286278172733537,0.020712630814352744,0.018408005189508227
libero_goal_t6_vs_t9,0,RAND,64,0.09390285542942525,0.0112320837500275,0.011327657846378257
libero_goal_t6_vs_t9,0,LOC,128,0.020251716432498117,0.03500058777740568,0.043358237285080065
libero_goal_t6_vs_t9,0,RAND,128,0.14215046723054442,0.08299752434198075,0.07885590549799881
libero_goal_t6_vs_t9,0,LOC,256,0.015290223849416558,0.015290223849416558,0.08185923987198931
libero_goal_t6_vs_t9,0,RAND,256,0.45287701519240897,0.06744358249629842,0.18020413913340322
libero_goal_t6_vs_t9,0,LOC,512,0.8291820474493958,0.8291820474493958,0.7732458939775065
libero_goal_t6_vs_t9,0,RAND,512,0.8291820474493958,0.8291820474493958,0.7732458939775065
libero_goal_t6_vs_t9,1,LOC,4,0.0010061985346119585,0.0010061985346119585,0.0016333555509041912
libero_goal_t6_vs_t9,1,RAND,4,4.414017790485552e-05,4.414017790485552e-05,0.00011898447711440095
libero_goal_t6_vs_t9,1,LOC,8,-0.000616367732045753,-0.000616367732045753,0.004266180166097809
libero_goal_t6_vs_t9,1,RAND,8,-0.007011619428795465,0.001356734559321184,0.0011299765445429199
libero_goal_t6_vs_t9,1,LOC,16,-0.005374400651943979,-0.005374400651943979,0.005613640435539619
libero_goal_t6_vs_t9,1,RAND,16,0.004263491664194865,0.0009985776100739521,0.0007504291551753025
libero_goal_t6_vs_t9,1,LOC,32,0.01283670452573767,0.01283670452573767,0.010097458406011315
libero_goal_t6_vs_t9,1,RAND,32,-0.006027589890888577,-0.006027589890888577,0.008974087541989327
libero_goal_t6_vs_t9,1,LOC,64,0.020712630814352744,0.020712630814352744,0.018408005189508227
libero_goal_t6_vs_t9,1,RAND,64,0.001935739810820524,0.0112320837500275,0.011327657846378257
libero_goal_t6_vs_t9,1,LOC,128,0.03500058777740568,0.03500058777740568,0.043358237285080065
libero_goal_t6_vs_t9,1,RAND,128,-0.07672897780552816,0.08299752434198075,0.07885590549799881
libero_goal_t6_vs_t9,1,LOC,256,-0.05807937938384625,0.015290223849416558,0.08185923987198931
libero_goal_t6_vs_t9,1,RAND,256,0.06744358249629842,0.06744358249629842,0.18020413913340322
libero_goal_t6_vs_t9,1,LOC,512,0.7457203627316763,0.8291820474493958,0.7732458939775065
libero_goal_t6_vs_t9,1,RAND,512,0.7457203627316763,0.8291820474493958,0.7732458939775065
libero_goal_t6_vs_t9,2,LOC,4,0.018077322694184803,0.0010061985346119585,0.0016333555509041912
libero_goal_t6_vs_t9,2,RAND,4,-0.008998389078763823,4.414017790485552e-05,0.00011898447711440095
libero_goal_t6_vs_t9,2,LOC,8,0.03393348148697832,-0.000616367732045753,0.004266180166097809
libero_goal_t6_vs_t9,2,RAND,8,0.001356734559321184,0.001356734559321184,0.0011299765445429199
libero_goal_t6_vs_t9,2,LOC,16,0.04067530062588729,-0.005374400651943979,0.005613640435539619
libero_goal_t6_vs_t9,2,RAND,16,-0.04738586005916789,0.0009985776100739521,0.0007504291551753025
libero_goal_t6_vs_t9,2,LOC,32,0.05451695674420744,0.01283670452573767,0.010097458406011315
libero_goal_t6_vs_t9,2,RAND,32,0.2627676857430015,-0.006027589890888577,0.008974087541989327
libero_goal_t6_vs_t9,2,LOC,64,0.05669924428067589,0.020712630814352744,0.018408005189508227
libero_goal_t6_vs_t9,2,RAND,64,0.0112320837500275,0.0112320837500275,0.011327657846378257
libero_goal_t6_vs_t9,2,LOC,128,0.08609300603023445,0.03500058777740568,0.043358237285080065
libero_goal_t6_vs_t9,2,RAND,128,0.08299752434198075,0.08299752434198075,0.07885590549799881
libero_goal_t6_vs_t9,2,LOC,256,0.395525824799344,0.015290223849416558,0.08185923987198931
libero_goal_t6_vs_t9,2,RAND,256,0.05724162023887644,0.06744358249629842,0.18020413913340322
libero_goal_t6_vs_t9,2,LOC,512,0.8429647624762386,0.8291820474493958,0.7732458939775065
libero_goal_t6_vs_t9,2,RAND,512,0.8429647624762386,0.8291820474493958,0.7732458939775065
libero_goal_t9_vs_t6,0,LOC,4,0.006480240511984248,0.002027489943184289,0.0016333555509041912
libero_goal_t9_vs_t6,0,RAND,4,0.06907415623474847,0.00011052539058990743,0.00011898447711440095
libero_goal_t9_vs_t6,0,LOC,8,0.007412595436509124,0.001848392171450857,0.004266180166097809
libero_goal_t9_vs_t6,0,RAND,8,0.005374467170467707,0.0010982599884440758,0.0011299765445429199
libero_goal_t9_vs_t6,0,LOC,16,0.005701262713826727,0.005701262713826727,0.005613640435539619
libero_goal_t9_vs_t6,0,RAND,16,0.0011080236678454888,0.001661656086611681,0.0007504291551753025
libero_goal_t9_vs_t6,0,LOC,32,0.007208006164189944,0.007208006164189944,0.010097458406011315
libero_goal_t9_vs_t6,0,RAND,32,-0.4154302317766451,0.018144733831171635,0.008974087541989327
libero_goal_t9_vs_t6,0,LOC,64,0.04892436146211947,0.04892436146211947,0.018408005189508227
libero_goal_t9_vs_t6,0,RAND,64,0.034817027991620654,0.034817027991620654,0.011327657846378257
libero_goal_t9_vs_t6,0,LOC,128,0.07691946212566556,0.07691946212566556,0.043358237285080065
libero_goal_t9_vs_t6,0,RAND,128,0.033841708357751424,0.09188872075570716,0.07885590549799881
libero_goal_t9_vs_t6,0,LOC,256,0.07709431100412016,0.07709431100412016,0.08185923987198931
libero_goal_t9_vs_t6,0,RAND,256,0.17710592841213849,0.17710592841213849,0.18020413913340322
libero_goal_t9_vs_t6,0,LOC,512,0.7022071860623627,0.765308809445536,0.7732458939775065
libero_goal_t9_vs_t6,0,RAND,512,0.7022071860623627,0.765308809445536,0.7732458939775065
libero_goal_t9_vs_t6,1,LOC,4,0.0017935021901335816,0.002027489943184289,0.0016333555509041912
libero_goal_t9_vs_t6,1,RAND,4,0.00011052539058990743,0.00011052539058990743,0.00011898447711440095
libero_goal_t9_vs_t6,1,LOC,8,0.001848392171450857,0.001848392171450857,0.004266180166097809
libero_goal_t9_vs_t6,1,RAND,8,-0.005439600972045958,0.0010982599884440758,0.0011299765445429199
libero_goal_t9_vs_t6,1,LOC,16,0.034729602436556914,0.005701262713826727,0.005613640435539619
libero_goal_t9_vs_t6,1,RAND,16,0.027087456834163245,0.001661656086611681,0.0007504291551753025
libero_goal_t9_vs_t6,1,LOC,32,0.06674734286451375,0.007208006164189944,0.010097458406011315
libero_goal_t9_vs_t6,1,RAND,32,0.018144733831171635,0.018144733831171635,0.008974087541989327
libero_goal_t9_vs_t6,1,LOC,64,0.10861829905666302,0.04892436146211947,0.018408005189508227
libero_goal_t9_vs_t6,1,RAND,64,0.04282578970429937,0.034817027991620654,0.011327657846378257
libero_goal_t9_vs_t6,1,LOC,128,0.24032746302049987,0.07691946212566556,0.043358237285080065
libero_goal_t9_vs_t6,1,RAND,128,0.24847414975833754,0.09188872075570716,0.07885590549799881
libero_goal_t9_vs_t6,1,LOC,256,0.2649152063926745,0.07709431100412016,0.08185923987198931
libero_goal_t9_vs_t6,1,RAND,256,0.34247125592173766,0.17710592841213849,0.18020413913340322
libero_goal_t9_vs_t6,1,LOC,512,0.765308809445536,0.765308809445536,0.7732458939775065
libero_goal_t9_vs_t6,1,RAND,512,0.765308809445536,0.765308809445536,0.7732458939775065
libero_goal_t9_vs_t6,2,LOC,4,0.002027489943184289,0.002027489943184289,0.0016333555509041912
libero_goal_t9_vs_t6,2,RAND,4,-0.0012283918522676231,0.00011052539058990743,0.00011898447711440095
libero_goal_t9_vs_t6,2,LOC,8,0.001824036935761821,0.001848392171450857,0.004266180166097809
libero_goal_t9_vs_t6,2,RAND,8,0.0010982599884440758,0.0010982599884440758,0.0011299765445429199
libero_goal_t9_vs_t6,2,LOC,16,-0.003970616322996555,0.005701262713826727,0.005613640435539619
libero_goal_t9_vs_t6,2,RAND,16,0.001661656086611681,0.001661656086611681,0.0007504291551753025
libero_goal_t9_vs_t6,2,LOC,32,-0.037023276228071084,0.007208006164189944,0.010097458406011315
libero_goal_t9_vs_t6,2,RAND,32,0.11967328025103588,0.018144733831171635,0.008974087541989327
libero_goal_t9_vs_t6,2,LOC,64,-0.02638906339536505,0.04892436146211947,0.018408005189508227
libero_goal_t9_vs_t6,2,RAND,64,-0.04141478951832729,0.034817027991620654,0.011327657846378257
libero_goal_t9_vs_t6,2,LOC,128,0.02487136334976348,0.07691946212566556,0.043358237285080065
libero_goal_t9_vs_t6,2,RAND,128,0.09188872075570716,0.09188872075570716,0.07885590549799881
libero_goal_t9_vs_t6,2,LOC,256,0.03375551563847711,0.07709431100412016,0.08185923987198931
libero_goal_t9_vs_t6,2,RAND,256,0.07201382648784772,0.17710592841213849,0.18020413913340322
libero_goal_t9_vs_t6,2,LOC,512,0.9055079838274426,0.765308809445536,0.7732458939775065
libero_goal_t9_vs_t6,2,RAND,512,0.9055079838274426,0.765308809445536,0.7732458939775065
